<?xml version="1.0" encoding="UTF-8"?>
<project-private xmlns="http://www.netbeans.org/ns/project-private/1">
    <editor-bookmarks xmlns="http://www.netbeans.org/ns/editor-bookmarks/2" lastBookmarkId="0"/>
    <open-files xmlns="http://www.netbeans.org/ns/projectui-open-files/2">
        <group>
            <file>file:/F:/STUDY/ACADEMICS/Programming%20with%20JAVA/Bank_project/src/VerialbleClass.java</file>
            <file>file:/F:/STUDY/ACADEMICS/Programming%20with%20JAVA/Bank_project/src/Admin_Login.java</file>
            <file>file:/F:/STUDY/ACADEMICS/Programming%20with%20JAVA/Bank_project/src/CustomVar.java</file>
            <file>file:/F:/STUDY/ACADEMICS/Programming%20with%20JAVA/Bank_project/src/custWithdraw.java</file>
            <file>file:/F:/STUDY/ACADEMICS/Programming%20with%20JAVA/Bank_project/src/bank_project/Bank_project.java</file>
            <file>file:/F:/STUDY/ACADEMICS/Programming%20with%20JAVA/Bank_project/src/custBalance.java</file>
            <file>file:/F:/STUDY/ACADEMICS/Programming%20with%20JAVA/Bank_project/src/Cus_Topup.java</file>
            <file>file:/F:/STUDY/ACADEMICS/Programming%20with%20JAVA/Bank_project/src/customerlogin.java</file>
            <file>file:/F:/STUDY/ACADEMICS/Programming%20with%20JAVA/Bank_project/src/panel1.java</file>
            <file>file:/F:/STUDY/ACADEMICS/Programming%20with%20JAVA/Bank_project/src/Admin_error.java</file>
        </group>
    </open-files>
</project-private>
